extenders,wireless_clients_count,wired_clients_count,rx_avg_bps,tx_avg_bps,rx_p95_bps,tx_p95_bps,rx_max_bps,tx_max_bps,rssi_mean,rssi_median,rssi_max,rssi_min,network_speed
0.721629654205643,12.016018964427769,4.111797175850239,489285.2889197396,298210.88573085767,1444720.704324726,398305.2722254856,3228118.578068749,862704.0420896808,-57.78699462699873,-58.59991591626577,-33.71202967244067,-80.98790663159801,874.7345587946647
